작물명,시점,총수입 (원),주산물수량 (kg),농가수취가격 (원/kg),총생산비 (원),총경영비,총중간재비,초기투자비용,보통(무기질)비료비,부산물(유기질)비료비,농약비,수도광열비,기타재료비,소농구비,대농구상각비,영농시설상각비,수리·유지비,기타비용,농기계·시설 임차료,토지임차료,위탁영농비,고용노동비,자가노동비,유동자본 용역비,고정자본 용역비,토지자본 용역비,부가가치 (원),소득 (원),부가가치율 (%),소득률 (%)
고구마,2013,2694628,1596,1677,2016491,1127535,727091,261511,48866,48629,19246,35675,141372,3460,105246,43453,15569,4064,16047,93901,5543,284953,713318,14107,29213,132318,1967537,1567093,73,58.2
고구마,2014,2729930,1672,1627,1829555,1036370,681249,218178,44701,46898,17789,43624,156719,4235,96985,32917,15794,3409,9320,90234,9888,245679,604032,13427,26191,149535,2048681,1693560,75,62
고구마,2015,2832213,1664,1678,2137543,1176824,736018,224434,52657,48244,20929,35980,160454,3695,119832,51572,16128,2093,7902,103291,11311,318302,772312,14487,51417,122503,2096195,1655389,74,58.4
고구마,2016,3137942,1671,1865,2200188,1363829,829787,247223,43981,92883,34886,69123,141174,4256,103468,56804,28905,7084,8771,131955,22399,370918,708593,17893,39523,70350,2308157,1774114,73.6,56.5
고구마,2017,2878675,1654,1724,2131249,1307266,741688,225953,57007,52396,26364,32786,126837,3567,106169,66215,34506,9888,10381,145621,20025,389551,676384,18302,44608,84690,2136987,1571409,74.2,54.6
고구마,2018,3177627,1540,2030,2429141,1391094,801219,260349,58222,58487,29510,32685,132963,3473,120562,73085,24119,7764,29083,139651,25625,395516,807743,18763,44647,166894,2376408,1786533,74.8,56.2
고구마,2019,2828803,1588,1731,2403703,1383228,796014,259480,52534,57485,24912,44926,136252,1763,120837,71442,23235,3148,13312,140736,22095,411072,831159,18925,54145,116245,2032790,1445575,71.9,51.1
고구마,2020,3456606,1515,2254,2662796,1632174,903406,304192,60566,72413,26389,42042,161101,4261,132465,74898,18937,6143,13025,169769,41819,504155,850061,21676,54508,104378,2553200,1824432,73.9,52.8
고구마,2021,3831388,1665,2285,2990256,1826106,1076025,369254,64150,59815,30665,48494,200016,4548,175038,102778,11175,10093,15972,175542,22847,535720,958945,25620,53504,126081,2755362,2005282,71.9,52.3
고구마,2022,3235406,1514,2127,3296630,1893799,1154474,353480,82584,61501,35452,72150,204962,3561,218219,85784,26514,10265,11695,172488,42287,512856,1187097,25501,56693,133540,2080932,1341607,64.3,41.5
감자,2013,1979412,1878,1054,1689894,1200043,821925,259379,95130,100868,32764,28717,142451,1529,107341,46483,7263,0,10765,122707,880,243766,371984,10092,25622,82153,1157487,779369,58.5,39.4
감자,2014,1904820,1797,1060,1561131,1095035,703232,242022,106107,74147,40883,23761,98204,1121,104316,10479,2192,0,13578,144976,2647,230602,365904,8890,20295,71007,1201588,809785,63.1,42.5
감자,2015,2179623,1836,1187,1814309,1177122,800158,261370,101730,97536,56073,19607,114717,1108,126620,17965,3432,0,2475,105739,5120,263630,492577,11077,36892,96641,1379465,1002501,63.3,46
감자,2016,1908159,1331,1434,1775488,1144765,821530,284178,99234,85113,82516,24234,80405,126,137425,18792,6280,3227,12149,59654,9622,241812,479459,9873,51811,89580,1086630,763394,56.9,40
감자,2017,2441800,1590,1536,1983914,1223856,882581,342731,87542,85127,77265,12001,74413,81,164027,19890,11190,8314,3137,86197,20310,231632,611599,12308,61425,74726,1559219,1217944,63.9,49.9
감자,2018,2547389,1835,1388,1823170,1234848,865518,313515,103850,85618,64157,21279,75698,235,152765,30206,9276,8919,1873,98821,12418,256218,420725,12703,47936,106958,1681871,1312541,66,51.5
감자,2019,1717403,1499,1146,1921475,1286534,946782,318738,119564,85194,50939,26573,75755,0,199353,48416,10885,11365,2024,87290,17571,232867,458948,14380,61940,99674,770621,430870,44.9,25.1
감자,2020,2182753,1533,1424,2017644,1316887,976914,328780,103687,98692,73061,44585,104142,2775,150237,39431,19959,11566,2958,62994,23360,250660,548543,12852,38656,100706,1205839,865867,55.2,39.7
감자,2021,2348660,1676,1401,1930452,1346524,907122,266694,107022,105931,62860,32543,105086,365,126586,68523,14262,17249,2670,116298,14138,306295,449260,12832,48238,73598,1441538,1002136,61.4,42.7
감자,2022,2659175,1583,1680,2339650,1668489,1139590,318074,140291,143697,87484,59214,110967,16,207145,29576,6582,36547,2253,141876,27479,357290,489259,16855,56505,108541,1519585,990686,57.1,37.3
참깨,2013,1338444,70,19116,1505910,470054,342515,17174,23644,39050,32334,16269,68316,5323,120372,11095,8938,0,5513,24248,11278,86500,908366,3211,19139,105140,995929,868390,74.4,64.9
참깨,2014,1305903,71,18393,1462716,434956,348432,17515,29665,37383,25516,20969,60479,4883,127473,10989,11311,2249,3516,21773,7193,54042,823284,4393,21854,178229,957471,870947,73.3,66.7
참깨,2015,1268839,68,18592,1469653,393191,276654,19840,25516,32656,27866,17629,36093,4214,98230,4700,8142,1768,3701,39270,6528,67038,953228,2751,15828,104655,992185,875648,78.2,69
참깨,2016,1386796,78,17676,1388333,466408,356406,23765,24132,56665,37145,17556,50844,3289,100061,16278,25377,1294,10358,19774,8465,71406,789006,3495,21772,107651,1030389,920388,74.3,66.4
참깨,2017,1178968,67,17436,1321911,465558,377959,31191,23250,52703,39915,19767,53344,2994,99034,31963,21170,2628,5643,26678,1909,53369,734204,3341,28495,90314,801009,713409,67.9,60.5
참깨,2018,1148445,68,16890,1731762,502474,387001,25328,21396,35923,36281,11042,51050,4991,151133,28132,21725,0,5696,42586,4283,62908,1027297,3162,45251,153578,761444,645971,66.3,56.2
참깨,2019,1170407,72,16330,1794576,506882,390751,44918,25391,51159,39849,16101,42812,2638,143777,13542,7192,3373,1159,32157,15732,67084,1099801,3330,24467,160096,779656,663525,66.6,56.7
참깨,2020,1033606,46,22365,1806300,491399,344636,27364,26152,39043,44095,17686,42362,3698,107509,26451,5774,4503,945,29294,21278,95246,1188618,3310,24372,98602,688970,542207,66.7,52.5
참깨,2021,1519695,67,22610,2071596,598565,434730,40669,28342,57200,59619,18208,48881,6640,121307,23357,26743,3764,1833,54492,18269,89242,1319717,4402,24249,124662,1084966,921130,71.4,60.6
참깨,2022,1807372,77,23537,2322935,638314,451243,59147,46085,56309,61993,34608,58536,4624,102933,20794,3888,2326,5160,52595,18472,110844,1543561,4828,19964,116268,1356129,1169058,75,64.7
들깨,2018,990697,110,8890,1616767,418309,301413,24643,28914,43981,18674,13723,14940,2532,106573,29662,13093,4677,12639,43110,8898,52249,935312,3154,37311,222681,689284,572388,69.6,57.8
들깨,2019,885223,101,8747,1507004,352605,260860,8324,19659,31830,14728,25703,27600,2597,101514,23266,4551,1088,3991,29978,5071,52705,994380,2659,29253,128107,624363,532619,70.5,60.2
들깨,2020,945943,81,11613,1317746,397057,262557,32490,17980,29275,19903,16009,20284,3972,93859,23508,938,4339,9416,50550,4451,70083,795533,3101,23870,98185,683386,548886,72.2,58
들깨,2021,1074571,84,12747,1474167,400717,265109,41812,24410,37630,21228,18818,24769,8470,71104,12759,4004,107,9587,69666,9777,46579,955716,3696,14001,100037,809462,673854,75.3,62.7
들깨,2022,980587,78,12574,1410078,462260,298985,48213,30465,39410,22435,22492,26101,2480,89239,15181,1183,1786,4310,66708,9142,83114,840880,3901,19748,83289,681602,518328,69.5,52.9
수박,2013,4063778,3841,1058,2872847,1442057,1083120,192938,93901,155478,134278,31896,228886,2840,157922,51117,32466,1398,13314,84063,6287,255273,1317967,11125,12683,89015,2980658,2621721,73.3,64.5
수박,2014,3483787,3841,907,3023377,1467299,1022396,196288,104353,124891,131657,32891,255333,4110,132434,21499,16760,2180,12260,103765,6186,322692,1420056,12117,14299,109606,2461391,2016488,70.7,57.9
수박,2015,3616271,4041,889,2557623,1393552,898388,208042,111782,118647,121752,27350,185620,2409,97274,6961,16897,1654,4976,102240,9641,378307,1045966,12076,14196,91833,2717883,2222719,75.2,61.5
수박,2016,3616550,4294,842,2358213,1413779,831624,205127,93161,122723,138596,19782,133925,984,86219,16704,13916,487,6192,74396,12333,489232,842107,11883,18159,72285,2784925,2202771,77,60.9
수박,2017,3274787,3876,845,2157394,1308904,830796,182254,73171,122019,154634,21675,151548,1625,67197,16048,40455,170,9889,81512,16816,369891,749298,11147,14453,73592,2443991,1965883,74.6,60
수박,2018,3650016,4749,769,2796642,1677847,1012239,220341,88812,136659,166077,25503,146041,2128,175350,19484,30138,1705,6757,97766,17454,543632,902458,15716,36149,164472,2637777,1972169,72.3,54
수박,2019,3519215,4378,804,2612185,1631568,986488,246303,82591,132373,174054,28113,131165,1521,149377,18449,20345,2197,11064,87767,12992,533256,848180,14435,42463,75540,2532727,1887647,72,53.6
수박,2020,3844725,4273,900,2836090,1991279,1200399,280051,104721,168234,226732,49949,181371,4150,155459,11174,16493,2064,8202,135528,30603,616547,712408,17726,42451,72226,2644326,1853446,68.8,48.2
수박,2021,4899514,5192,944,3337341,2214891,1301898,316603,110988,167886,189587,49646,238640,4132,196439,9004,16996,1977,3589,140467,30337,738600,979169,18707,50888,73686,3597616,2684623,73.4,54.8
수박,2022,5003263,4957,1009,3462955,2366919,1408058,341793,120370,172375,212890,69869,248232,1993,201438,17181,18076,3842,1513,140123,30248,786977,948946,19741,56105,71244,3595205,2636344,71.9,52.7
무,2013,2203734,5612,390,1645103,846332,649904,66594,76975,97530,53296,24858,72940,4048,180441,54946,17571,705,7437,54886,1957,132148,654804,5026,31586,107355,1553830,1357402,70.5,61.6
무,2014,1965774,5697,340,1439023,749240,581337,54346,78534,86758,53366,22904,76879,3602,168914,14592,21232,210,5444,58595,5012,98852,557568,4366,19359,108490,1384437,1216534,70.4,61.9
무,2015,1956983,5390,356,1536438,885790,605272,55587,79399,72829,62784,15012,67205,1639,189836,58852,2120,9,3093,96306,5973,175146,526024,5181,27804,91639,1351711,1071193,69.1,54.7
무,2016,3129176,5470,551,1651930,1001954,739769,73919,71461,124772,122531,48116,54753,1257,165031,35477,41990,462,8491,54513,12935,186247,546142,6258,35012,62563,2389408,2127222,76.4,68
무,2017,2484439,5280,451,1911341,1003740,758587,74558,69317,144540,101675,31116,61026,1148,172895,45277,57034,0,8261,101403,9637,125853,781783,6928,38565,80326,1725852,1480699,69.5,59.6
무,2018,2646315,5151,500,1900959,1097604,717607,74827,76134,101326,100980,52111,67329,770,148503,61561,27316,6751,5285,60017,23230,291465,673735,8212,27105,94303,1928708,1548711,72.9,58.5
무,2019,2965824,5188,562,2343480,1134614,715296,67976,67574,93495,87182,68281,69371,801,185996,53409,13721,7490,2889,70647,19128,326653,1041144,7538,45505,114679,2250528,1831211,75.9,61.7
무,2020,2346947,6168,380,1733287,1117386,618936,102909,72701,60020,82095,47541,60344,3074,127414,24018,33920,4901,5300,104097,23406,365647,503995,8343,25679,77884,1728011,1229561,73.6,52.4
무,2021,2478377,5771,429,1697335,1041120,604551,93568,70935,68586,86819,41747,66838,2701,144353,19221,5270,4512,3563,114090,30597,288319,556585,7628,34466,57536,1873826,1437257,75.6,58
무,2022,2830632,6540,428,2041508,1279838,766122,123689,83138,117775,91060,60975,86241,963,164632,21832,4399,11418,2663,111869,40458,358726,655053,9406,30811,66399,2064510,1550794,72.9,54.8
당근,2013,3484866,4184,832,2349970,1595346,989559,155602,142377,152628,92171,36514,245300,3558,120348,3440,33933,3688,15937,132152,19578,438120,445824,16392,13357,279051,2495307,1889520,71.6,54.2
당근,2014,2830217,4254,665,2310084,1649078,866230,181911,117593,112412,72216,35679,240065,2172,85320,7753,10278,831,235,207452,63343,511818,380424,17299,10614,252669,1963987,1181139,69.4,41.7
당근,2015,2822075,3925,719,2299803,1607801,863198,162192,127557,134464,92188,27770,185012,2143,97067,5655,27279,1871,2500,194885,24554,522664,367913,21603,18246,284240,1958877,1214274,69.4,43
당근,2016,4213254,3290,1281,2224505,1621275,870084,193366,104538,136220,90383,47638,136702,2856,127329,11796,19256,0,474,175156,66739,508823,292877,22270,30402,257682,3343170,2591979,79.3,61.5
당근,2017,2979236,3946,755,2636174,1905023,1017327,198369,96823,148795,104686,39552,186675,745,177337,30375,31109,2860,25004,152028,68231,642433,425378,24741,39155,241877,1961909,1074213,65.9,36.1
당근,2018,3383672,3520,961,2577141,1892441,1017103,204788,108500,146067,87208,35300,166040,239,214670,29729,22221,2341,6596,180629,49150,638964,406258,23181,44512,210748,2366570,1491231,69.9,44.1
당근,2019,3537440,4234,835,2973832,2126669,1173573,212629,119029,126310,70449,37140,194717,442,264410,115744,27918,4786,9881,197842,37893,707479,610013,26745,54073,156332,2363867,1410771,66.8,39.9
당근,2020,4024269,3726,1080,3167578,2141367,1197318,227312,114174,151236,94873,57559,208956,630,184624,122248,32397,3311,10996,192717,92278,648058,703492,23192,55403,244123,2826951,1882902,70.2,46.8
당근,2021,2640570,3984,663,2911371,1948366,1063825,237753,72387,203634,95735,56937,200736,1265,157858,22331,12287,2902,877,237256,54322,592086,726375,24831,26277,185521,1576745,692204,59.7,26.2
당근,2022,5207995,4057,1284,3123869,2313680,1220880,240773,134895,192364,122652,48396,231599,499,221042,8946,3584,16131,1205,274224,66500,750871,487525,29391,49683,243591,3987115,2894316,76.6,55.6
배추,2013,2536444,7140,351,1824886,980487,732700,86627,110554,96357,72030,26506,73944,3036,205151,39859,17209,1427,9049,83611,850,154277,709139,6187,26036,103037,1803744,1555957,71.1,61.3
배추,2014,2184000,6825,320,1727654,894442,634241,82085,101374,82449,81651,22549,88703,1958,150607,12713,8933,1219,9220,83099,4556,163326,717288,6150,20595,89179,1549759,1289558,71,59
배추,2015,2274584,7021,315,1836518,875146,628018,84365,95185,80242,74533,17419,90148,1913,158051,15057,9395,1710,7858,71143,22040,146087,839206,6229,22692,93245,1646566,1399439,72.4,61.5
배추,2016,3120781,6850,456,1826210,892168,638597,74546,90405,98957,93853,23121,75938,4254,122532,22656,31195,1140,8175,50757,5046,189595,742849,6245,22176,162771,2482185,2228613,79.5,71.4
배추,2017,2772204,6862,394,2028434,1016853,696790,78938,85458,105665,105393,18720,81980,1356,126559,40976,41843,9901,12477,76224,7781,223580,830193,7906,30142,143340,2075414,1755351,74.9,63.3
배추,2018,2654058,6363,417,1845427,1000932,707855,86127,83163,113631,114774,19923,94341,2831,129781,46567,16673,44,6744,67850,8744,209739,702385,7742,33040,101328,1946203,1653126,73.3,62.3
배추,2019,3134018,5669,553,2060745,1078868,800525,90439,89797,135613,142659,35208,96689,1326,144729,38224,22144,3698,2807,71722,12639,191174,836137,8339,36228,101173,2333493,2055150,74.5,65.6
배추,2020,2661351,6490,410,2086743,1148867,776175,114818,96612,100445,124631,37581,90762,3750,143524,47030,13685,3337,6113,78582,18918,269078,824448,8810,36934,67684,1885175,1512484,70.8,56.8
배추,2021,2956473,6143,481,2335593,1220690,838882,143231,99053,113353,126012,42022,106360,4008,148983,42875,11113,1873,4277,89809,14187,273536,997866,9301,37568,70168,2117591,1735783,71.6,58.7
배추,2022,3006711,6537,460,2512893,1344133,971766,146209,149778,129582,148221,46618,103560,2878,187217,32977,18418,6307,5832,75905,15109,275521,1044191,10037,31478,83054,2034945,1662578,67.7,55.3
시금치,2013,2770137,909,3035,2692660,828290,589270,69978,70271,146223,13667,26757,104060,3277,113847,18458,22165,567,14712,33470,7411,183427,1710850,8861,16776,127883,2180867,1941847,78.7,70.1
시금치,2014,2232272,1064,2098,2515661,875768,533175,73391,92427,104461,37935,27360,92004,3519,89836,10125,1756,361,8357,29679,8767,295790,1488300,9028,22359,120206,1699097,1356504,76.1,60.8
시금치,2015,2521726,914,2759,2549023,806372,555993,74716,72002,129432,21812,27439,79648,2672,118607,17441,11980,244,5129,40956,7726,196568,1588714,9215,27694,117028,1965733,1715354,78,68
시금치,2016,2539683,975,2605,3300962,916273,642840,75720,60973,178427,42644,28642,69074,4561,124942,32824,23874,1159,5688,33011,6821,227912,2242968,9907,37567,94247,1896842,1623410,74.7,63.9
시금치,2017,2299661,1042,2206,2913940,845349,673169,71646,67657,146153,46338,19680,81057,3252,185447,32328,18861,748,141,37780,8980,125279,1868179,8410,64384,127618,1626493,1454312,70.7,63.2
시금치,2018,2409425,1123,2146,2736105,896495,662167,74532,51142,147891,37835,19610,85739,3327,173445,41406,23167,4071,3483,49398,10996,170451,1655362,8967,56233,119048,1747258,1512930,72.5,62.8
시금치,2019,2651581,1169,2268,3537471,1227279,815356,81255,57640,166512,30283,34669,101955,3594,273866,41226,19286,5070,402,45589,17452,348482,2150063,11722,55303,93105,1836225,1424302,69.3,53.7
시금치,2020,3077493,1190,2586,3505705,1051402,748796,86203,63125,171396,23027,34709,107499,6037,197606,38162,16644,4388,2929,46167,9719,243791,2306712,11556,59147,76889,2328697,2026090,75.7,65.8
시금치,2021,3368659,1124,2998,4221711,1149486,822891,91614,89558,215877,24647,42851,110839,8642,183278,32339,19708,3537,1726,65059,12472,247339,2950313,12858,48427,60627,2545769,2219173,75.6,65.9
시금치,2022,3368958,1136,2965,3883076,1124811,852669,95585,83064,199408,41211,48217,117230,6498,213898,35888,7183,4489,1383,59683,10650,200425,2641250,13138,59629,44248,2516289,2244148,74.7,66.6
양배추,2013,1910660,5755,332,1385175,787415,518692,50206,116051,102263,53367,22274,71852,2066,77000,11461,11227,925,18542,81406,54306,114469,491800,12197,8803,84960,1391968,1123245,72.9,58.8
양배추,2014,1606230,5949,270,1230185,760993,502956,45172,109664,90608,82158,22422,77047,1709,54958,10151,8831,236,13060,82120,43267,119590,368808,7830,6632,85922,1103274,845237,68.7,52.6
양배추,2015,1860157,5759,323,1446110,953132,629448,34554,114934,100514,122119,18544,90622,1886,113544,19447,11639,1645,1104,108816,39541,174223,390717,9067,18825,74369,1230709,907025,66.2,48.8
양배추,2016,2482433,5271,471,1646501,1033498,769740,54862,110955,107539,144529,24770,81126,1780,173793,55812,14135,439,2581,77636,5227,178312,482630,9476,46127,74770,1712692,1448935,69,58.4
양배추,2017,2180886,5427,402,1903684,1110720,799143,59887,124248,121900,144044,18586,66942,1200,185023,56431,20367,515,11953,80069,2724,216831,643205,11027,49190,89541,1381743,1070166,63.4,49.1
양배추,2018,2087034,5567,375,1707542,1114670,703544,56464,107532,138442,150718,18564,60292,346,111909,50751,7333,1193,7205,92826,20896,290200,464836,11957,25478,90602,1383490,972364,66.3,46.6
양배추,2019,2134902,4912,435,2072003,1350272,878696,70937,108804,157031,135800,31711,59456,485,195896,103675,11575,3327,5451,90993,35917,339214,603486,14519,31497,72228,1256206,784630,58.8,36.8
양배추,2020,2487204,6502,383,1848758,1292507,835401,96108,115463,164761,150573,34763,65937,1826,127989,53408,18659,5915,2784,104296,47031,302996,438556,13464,26826,77404,1651803,1194697,66.4,48
양배추,2021,2140768,6761,317,1811246,1225664,844207,113112,110655,179279,129275,33284,88701,2206,123299,40574,19325,4496,345,77947,32271,270894,483813,12548,21619,67603,1296561,915104,60.6,42.7
양배추,2022,2413581,6349,380,2090363,1443196,957302,127445,193618,160524,144080,43269,87791,2253,142720,33495,7935,14172,1737,84876,86965,312317,503238,15824,30296,97810,1456279,970386,60.3,40.2
파,2013,3035881,3516,863,2495706,1311668,787932,54684,137310,142464,102727,45857,58092,2921,173887,32959,36092,939,22887,146914,11158,342777,911153,19454,27443,225988,2247949,1724213,74,56.8
파,2014,2674434,3442,777,2359559,1336977,784490,43663,114229,155705,135330,44891,75211,1115,138325,42141,33101,779,8972,140135,15709,387671,852324,20400,19622,130236,1889944,1337457,70.7,50
파,2015,3642072,3724,978,2599670,1508431,815490,54449,112270,131832,142325,30103,125083,1044,138215,44010,32451,3708,9811,124589,13915,544626,845287,20117,24316,201519,2826582,2133641,77.6,58.6
파,2016,4084090,3576,1140,2728679,1504323,874707,68675,101447,163428,174099,35099,71129,3307,148722,50828,54018,3955,1419,152772,12290,463135,1023941,22373,29719,148323,3209383,2579767,78.6,63.2
파,2017,3314958,3393,977,2479649,1364121,819243,95283,91740,162246,176162,30718,58666,2686,126512,31254,40178,3798,6587,135531,12239,390521,822520,22687,34678,235643,2495715,1950837,75.3,58.8
파,2018,2929019,2961,989,2418848,1307571,856284,113052,101158,137285,176738,37298,63538,2784,145229,45498,32439,1266,7057,148198,18054,277977,862245,21597,35344,192091,2072735,1621449,70.8,55.4
파,2019,2831026,3312,855,2438314,1308039,784870,92341,101171,139308,127011,40536,81680,1974,138147,43550,18536,616,3680,134879,12006,372604,911080,21237,34219,163739,2046157,1522988,72.3,53.8
파,2020,3511459,3192,1100,2862133,1392701,901469,164090,106214,129965,144203,36726,83985,3258,162466,48134,20687,1742,5315,123420,29974,332548,1217754,20642,40388,190648,2609990,2118758,74.3,60.3
파,2021,2777979,3825,726,2874125,1443235,898178,170046,101171,134523,148399,34429,77065,2420,146341,50398,17826,15561,9036,129378,42126,364517,1163763,21745,38962,206420,1879801,1334744,67.7,48
파,2022,3625668,3803,953,3262396,1694945,1068453,184088,137976,118067,153020,55317,88390,1124,215680,69042,33612,12137,7304,162435,51237,405515,1304347,23307,49822,189975,2557215,1930723,70.5,53.3
생강,2013,4459756,1414,3154,3549912,2116657,1487133,879923,89355,104855,69009,26058,111665,3264,165968,21206,15830,0,15699,114103,2794,496928,1163322,39665,28608,201660,2972623,2343099,66.7,52.5
생강,2014,6312618,1527,4134,3875595,2393622,1689721,1045535,103610,113831,65905,25319,99742,4830,141002,44725,43704,1518,9552,103851,1071,589427,1266144,33875,34195,147759,4622897,3918996,73.2,62.1
생강,2015,5511690,1410,3909,3632812,2210816,1622043,961790,100164,145998,66373,20375,91474,6501,152920,53851,21262,1335,5171,74654,0,508948,1184314,30809,28637,178236,3889647,3300874,70.6,59.9
생강,2016,3095257,1578,1961,3386668,1939070,1383018,781169,67663,144942,68423,26405,95500,9180,145050,38513,3724,2449,10604,85165,0,460283,1239105,27427,25259,155807,1712239,1156187,55.3,37.4
생강,2017,4756906,1605,2965,3603834,2247809,1526605,642890,116603,233459,97501,22532,123472,3623,189543,36394,59056,1531,17560,102539,4091,597014,1066763,33798,46779,208685,3230301,2509097,67.9,52.7
생강,2018,6320760,959,6538,4626953,2927469,2167537,1048834,143249,245109,127121,35164,157675,6817,255456,130043,12932,5138,19755,127075,9278,603824,1343713,40953,121788,193030,4153222,3393291,65.7,53.7
생강,2019,7224562,1419,5079,4919710,3092973,2121546,1057084,134105,247831,134409,38974,189273,4555,185767,101210,20423,7915,3788,129776,18383,819481,1535370,45327,73728,172312,5103016,4131588,70.6,57.2
생강,2020,7315846,1568,4610,6139666,3952043,2832416,1546021,193808,220007,194340,57537,187451,8546,231462,173916,14668,4660,4809,128409,26842,959567,1835078,56930,130769,164847,4483430,3363804,61.3,46
생강,2021,5130262,1864,2727,5423769,3439266,2348271,1187304,151162,231382,180343,47918,180102,11406,209740,133198,10783,4933,189,103930,12680,974196,1663800,48692,94049,177963,2781990,1690996,54.2,33
생강,2022,8825932,1464,5987,6242122,3869768,2444944,1017259,213260,264584,236394,73854,190842,10560,291560,132578,6579,7475,330,136435,20906,1267153,2038981,55615,106217,171541,6380988,4956164,72.3,56.2
참외,2013,10587448,4337,2441,9240395,3925572,3352414,235407,367207,298812,206066,140234,1340683,4804,269477,416614,72615,495,16929,258518,2112,295599,4888739,65111,82471,278502,7235034,6661876,68.3,62.9
참외,2014,9735672,4068,2392,9194417,3924949,3303221,262149,353314,246228,245244,119422,1263822,7391,318476,404414,79772,2989,32280,301430,4537,283481,4829352,61821,106283,272012,6432451,5810723,66.1,59.7
참외,2015,10001571,4290,2329,9424372,4038791,3418450,278453,390360,237031,229245,118244,1359450,6186,273966,452996,70478,2041,20779,281442,7147,310973,4893846,82117,115122,294496,6583121,5962781,65.8,59.6
참외,2016,9749847,4093,2382,8572508,3605405,2980784,259666,333153,278077,230878,105265,1055722,5091,274423,360956,73928,3625,31474,211448,5627,376073,4586218,58933,119649,202304,6769065,6144442,69.4,63
참외,2017,10053307,4236,2373,8884419,3672147,3018312,277696,336884,291243,270516,105492,1017513,7096,265750,365567,74934,5621,35504,255436,6687,356208,4792524,60832,88618,270298,7034995,6381160,70,63.5
참외,2018,9277408,3696,2510,9529083,3898758,3099665,281061,324352,290115,234648,121051,1135247,5787,237256,370208,95118,4823,63552,262332,10616,462593,5192249,63602,81080,293394,6177743,5378650,66.6,58
참외,2019,10192174,3912,2605,9513316,4393825,3451242,231143,381873,268573,263538,147141,1207024,12488,317171,435735,126555,60001,18040,282620,63385,578537,4650717,78431,131596,258746,6740932,5798349,66.1,56.9
참외,2020,9650311,3725,2590,10339556,4989783,3861225,330875,273752,346433,259111,148292,1373815,11963,321803,688781,57323,49077,37744,281096,123557,686161,4877796,79852,116681,275444,5789086,4660528,60,48.3
참외,2021,10570426,3645,2900,9848316,5113727,4083577,366312,284492,255568,292824,125694,1450171,11143,343360,874189,31468,48354,40027,283196,85452,621476,4218585,79528,145825,290652,6486850,5456699,61.4,51.6
참외,2022,12853780,4328,2970,11128245,6082595,4805054,409767,376178,288571,350444,177700,1699059,8846,437058,945577,46319,65535,41638,340954,121072,773878,4451884,95509,194127,304131,8048726,6771185,62.6,52.7
딸기,2013,20975169,3551,5891,15656883,9011501,7514196,1909197,353135,335733,146601,959687,2367497,6472,358978,1004722,70134,2040,20074,274238,71987,1131006,6007478,148021,264185,225698,13460973,11963668,64.2,57
딸기,2014,22123097,3615,6104,18951698,10284459,8348438,2223207,381514,243609,295303,1183385,2338402,5718,387311,1205751,67131,17107,13195,309163,44350,1569313,7920660,175881,259013,311685,13774659,11838638,62.3,53.5
딸기,2015,22117663,3429,6440,18809379,10427396,8514732,2234212,474029,234308,336661,1234760,2210736,9196,289022,1385687,95191,10930,5323,301194,59708,1546439,7552850,173509,331915,323709,13602931,11690267,61.5,52.9
딸기,2016,20242871,3367,5990,17709787,9908672,7891301,2227008,404841,213841,328617,945583,1758850,16391,277752,1599674,96622,22122,17708,266556,40841,1692267,6998307,160459,367622,274727,12351570,10334199,61,51.1
딸기,2017,21657985,3534,6118,18409041,10340544,8425244,2077265,461581,188986,375384,983433,2145290,7520,297852,1755076,94789,38070,8024,311030,45381,1550865,7133338,163069,357283,414807,13232741,11317441,61.1,52.3
딸기,2018,23343108,3307,7044,20099067,11614942,9378631,2378673,543635,233724,455633,1136366,2118319,16833,277033,2072077,74284,72054,5516,397737,264780,1568278,7521775,178201,482852,301297,13964477,11728167,59.8,50.2
딸기,2019,22254894,3445,6444,21508716,12744633,10587943,2616639,522776,206930,421375,1205514,2574906,9459,495240,2336478,110885,87742,10657,361013,60340,1724681,7715693,192967,582359,273064,11666951,9510261,52.4,42.7
딸기,2020,23161751,3080,7498,23386855,13228506,11006480,2951526,617023,122403,460945,1267926,2336325,14794,496841,2571741,66834,100121,30314,311420,18724,1861569,9034251,202864,625100,296134,12155271,9933244,52.5,42.9
딸기,2021,26489721,3184,8315,26229144,14569698,12042734,3357302,600647,157117,564749,1381917,2329054,9991,557560,2873851,112349,98197,19887,325600,36065,2145412,10384997,214781,733106,326562,14446986,11920023,54.5,45
딸기,2022,28996466,3127,9267,28740208,16297182,13500724,3750321,760523,125829,502775,1819321,2532802,7473,621164,3172021,71685,136810,37856,345425,26402,2386776,11117216,242514,791746,291550,15495742,12699284,53.4,43.8
오이,2013,13746260,10266,1338,13603016,7188705,6406099,783305,405622,430789,215552,2027821,1166964,10166,372738,803036,182524,7582,15869,182547,11935,572255,5929459,67539,170991,246322,7340161,6557555,53.4,47.7
오이,2014,13667203,11035,1238,13780931,7275498,6337834,752777,389960,356517,256819,2059611,966614,7965,416694,1035240,91387,4250,13156,224338,40142,660028,6038868,77820,161470,227275,7329369,6391705,53.6,46.8
오이,2015,14089395,10462,1345,13558308,6997633,6031078,806615,388560,324753,273778,1559777,1145068,5589,308211,1154373,58067,6287,19792,238159,5630,702974,5950454,69876,219252,321093,8058317,7091763,57.2,50.3
오이,2016,13461305,10624,1267,12447821,6110672,5249546,846579,267495,373752,365955,1289015,898996,3651,293153,786078,106653,18219,17041,244558,3620,595907,5816094,69256,136090,315709,8211759,7350633,61,54.6
오이,2017,12745227,10961,1163,12805804,6436822,5450522,844484,304427,368096,404143,1140261,913166,2939,322230,1030031,111581,9165,15769,251640,983,717907,5899096,66636,155822,247429,7294705,6308406,57.2,49.5
오이,2018,13720645,10011,1371,11835851,6361612,5472904,763411,362168,364571,486691,1080329,832673,3675,369926,1117601,67164,24694,16596,196938,17104,658070,4918363,61755,202774,291348,8247741,7359033,60.1,53.6
오이,2019,12696725,10424,1218,12041444,6422297,5370967,799504,356108,353343,441668,1039720,770831,2403,388780,1091579,69737,57294,3311,213730,3675,830614,5111870,60513,164297,282467,7325758,6274428,57.7,49.4
오이,2020,14351408,9581,1498,12603282,6838685,5776681,821282,408058,322625,442503,1106053,972455,8772,443863,1181932,49463,19675,13343,221700,5891,821068,5189227,65712,193293,316365,8574726,7512723,59.7,52.3
오이,2021,14417420,9267,1556,12288754,6463607,5484086,884834,399691,320398,379092,1083245,880456,5207,438264,1035117,39304,18478,14167,206555,4342,754458,5329711,64042,147005,284388,8933334,7953813,62,55.2
오이,2022,15045287,8411,1789,13324659,6803524,5641212,870172,518282,430889,382756,1089967,908132,3753,365185,1023654,18686,29736,12542,197837,12536,939397,6068158,66137,114897,271943,9404075,8241763,62.5,54.8
호박,2013,12185327,8655,1407,11543985,5624940,4966109,243512,315895,415214,146931,1174027,1470821,5909,307842,799730,84205,2023,17718,256218,17501,367394,5583946,69968,110187,154944,7219218,6560387,59.2,53.8
호박,2014,13605642,8919,1525,11931906,6150740,5219522,303751,329652,342604,192057,1075559,1779786,9626,284345,807192,93134,1816,16465,238316,10697,665740,5301252,80579,179300,220035,8386120,7454902,61.6,54.8
호박,2015,12331391,8720,1414,11377398,5915490,5080433,285600,272644,330114,169650,1010818,1750393,4217,262650,906345,85223,2779,71630,257952,7059,498416,4982023,71835,142202,265848,7250958,6415901,58.8,52
호박,2016,11187717,7949,1407,10619457,5467835,4587382,315573,268322,467661,312750,684832,1204954,2988,312793,887994,128676,838,13222,218498,18400,630333,4719701,67070,141091,223761,6600335,5719882,59,51.1
호박,2017,9959901,7995,1246,10149412,5224763,4268722,323156,290346,480066,190541,749351,1079846,2010,290098,800058,60142,3108,33684,388847,10918,522593,4546571,63863,140138,174078,5691179,4735138,57.1,47.5
호박,2018,12272217,7724,1589,10662260,5577049,4597337,268011,365213,361518,247022,871995,1235208,9683,338781,844917,43797,11191,31734,290763,37465,619751,4567365,69685,237722,210439,7674881,6695168,62.5,54.6
호박,2019,9616402,7906,1216,11267540,5879319,4619372,291560,320548,353543,246213,866264,1241139,6319,359270,849735,67573,17208,10074,293460,14683,941730,4954082,77589,187323,169226,4997030,3737083,52,38.9
호박,2020,13879611,7979,1739,12664491,7077524,5529717,369422,296757,437167,214760,1099916,1721322,9623,365062,888291,51977,75420,21479,325545,18929,1181854,5072184,100835,208878,205071,8349893,6802087,60.2,49
호박,2021,13583987,7420,1831,13347930,7460594,5853230,381876,269550,403704,224203,1189150,1730432,14993,444860,1066714,62209,65539,6773,378737,15360,1206493,5335727,107367,241485,202759,7730757,6123393,56.9,45.1
호박,2022,15241117,8163,1867,14708969,7657388,6424269,390084,361793,389109,293648,1383511,1833345,5952,436672,1236382,35548,58227,9682,314223,13227,895986,6375581,103716,364561,207723,8816847,7583728,57.8,49.8
토마토,2013,17195417,8157,2101,13827704,8480827,7544759,1129238,363181,448966,117352,1928077,1463552,16283,510508,1350518,212225,4859,7976,202804,5378,719910,4674186,93027,339707,239957,9650658,8714590,56.1,50.7
토마토,2014,14265059,7230,1966,12722201,7346244,6341902,1100048,330261,273950,118831,1520229,1238851,13360,471426,1112386,154399,8161,14337,182034,46123,761848,4766916,74146,272250,262645,7923157,6918815,55.5,48.5
토마토,2015,15652884,7362,2122,12620668,7563318,6418202,1139601,411657,179959,155732,1579699,1104641,8524,469165,1223363,135919,9942,20893,197139,16984,910100,4384545,80136,316220,276449,9234682,8089567,59,51.7
토마토,2016,16682965,9755,1702,13270392,7859175,6765284,1156299,424319,261539,343863,1474656,1072168,5190,424763,1460526,125010,16951,10003,195789,5272,882827,4827372,92410,316967,174467,9917680,8823790,59.4,52.9
토마토,2017,17218247,9123,1883,13578669,8144042,6640480,1143460,480957,333172,240664,1359946,1308714,6198,333739,1223566,193905,16160,1279,169648,5127,1327507,4729829,105450,215888,383461,10577767,9074205,61.4,52.7
토마토,2018,15498334,7655,2023,13926469,8088106,6390829,1116087,491501,347919,236988,1287546,1213900,10019,407914,1191354,37617,49985,296061,237084,8122,1156011,4906038,101784,283485,547056,9107505,7410227,58.8,47.8
토마토,2019,15928784,7668,2042,14724593,8675045,7256234,1060163,475861,339911,270528,1148107,1433798,8703,469010,1938693,92073,19389,12500,208015,8761,1189534,5268185,99474,385718,296172,8672550,7253739,54.4,45.5
토마토,2020,18469253,7769,2364,16380757,9468572,7994921,1143130,602513,246899,264511,1579825,1633087,20273,650741,1706830,104277,42835,9525,224248,3370,1236508,5920930,120789,547666,322799,10474332,9000681,56.7,48.7
토마토,2021,20124327,7784,2578,15846466,9498538,7989399,1177656,559362,231435,326769,1628608,1633795,13031,553454,1752244,46643,66403,1939,181243,4883,1321075,5433619,124087,433133,357089,12134928,10625789,60.3,52.8
토마토,2022,20194728,7866,2567,18120840,10618552,8849973,1223197,711023,277615,253698,1737299,2002557,13969,690173,1841204,51483,47754,10046,182421,6407,1569704,6560157,141496,492910,307725,11344754,9576176,56.2,47.4
방울토마토,2013,19878675,6261,3175,15502994,10905902,9580698,1195490,537239,333380,74698,3427391,1969558,6107,589979,1372056,72209,2591,7165,226409,5900,1085730,4031921,150028,164935,250208,10297977,8972773,51.8,45.1
방울토마토,2014,21100545,6555,3219,15877556,11385167,9736021,1268726,543768,243234,144222,3129831,2212334,4454,579756,1458434,149347,1915,17147,280917,6868,1344214,3765036,159020,294294,274039,11364524,9715378,53.9,46
방울토마토,2015,19805238,6582,3009,15543627,10832998,9239168,1186012,597207,173349,229737,3037265,1884672,5069,460765,1540246,121411,3435,26866,264975,10769,1291220,4030315,148677,237352,294285,10566070,8972240,53.3,45.3
방울토마토,2016,14596120,5480,2663,14135445,8994584,7289263,1213470,503596,241090,227583,1760619,1368512,7512,490397,1350829,86074,39581,24612,164948,32230,1483528,4341606,118860,354939,325456,7306855,5601536,50.1,38.4
방울토마토,2017,16090101,5717,2813,14772898,9413017,7549004,1263751,587127,217994,195945,1745593,1521193,3955,443070,1463437,69207,37731,9616,185898,2280,1666218,4565525,134726,281555,378075,8541098,6677084,53.1,41.5
방울토마토,2018,14227921,5233,2719,13835634,9256978,7427691,1208199,568033,219518,154550,1573445,1638130,3969,365159,1624520,23624,48544,1449,187536,4294,1636007,3937871,124060,262015,254710,6800230,4970942,47.8,34.9
방울토마토,2019,16582654,5607,2957,16452882,10908179,8919065,1352275,595780,215968,262700,2112298,1799330,6505,510306,1951284,31918,80701,5880,241065,20153,1722015,4776332,146010,405291,217070,7663589,5674476,46.2,34.2
방울토마토,2020,16992353,4979,3412,16783897,10416868,8209012,1270037,507082,198833,195611,1636673,1856282,14963,444205,1903588,57501,124238,14791,246033,32054,1914977,5389861,147300,548367,281501,8783342,6575486,51.7,38.7
방울토마토,2021,17904696,5401,3315,16155384,10310589,8137630,1311049,541834,211522,223656,1733365,1699938,12008,504517,1721682,48868,129192,16793,258432,42302,1855433,5028796,146313,423641,246044,9767065,7594106,54.6,42.4
방울토마토,2022,19003876,5021,3784,17325720,10730872,8704152,1292615,624229,200226,210149,1749635,1877405,12317,536576,1954637,87623,158741,21314,216152,43585,1745669,5693976,148260,533915,218697,10299724,8273004,54.2,43.5
파프리카,2013,41104980,11305,3636,29601309,25434473,22412002,2071825,1866115,41241,495758,8356110,4261262,34782,1002221,3671117,460533,151038,10590,257515,70855,2683511,2617823,477351,708212,363450,18692978,15670507,45.5,38.1
파프리카,2014,42430164,11747,3612,31358254,26547591,23565197,2227695,1904982,13697,686525,8338721,4473024,18304,924388,4528956,364520,84385,399,148515,96024,2737456,2800908,500315,1097855,411585,18864967,15882574,44.5,37.4
파프리카,2015,40448323,13042,3095,31019453,26309632,21778261,2272099,1791820,19711,1023514,7300574,3854105,43643,782023,4304065,307575,79132,7958,255429,268570,3999414,2662045,508348,1155208,384220,18670062,14138692,46.2,35
파프리카,2016,36579741,13369,2736,28864797,23715223,19909734,2205299,1838475,139561,1146964,5960579,3512873,19483,720664,3898405,376072,91359,27853,199983,297316,3280338,3246232,448096,920150,535098,16670007,12864518,45.6,35.2
파프리카,2017,35742837,14019,2549,30919387,25317350,21075480,1918937,1789274,154728,1037919,6118751,4391156,13648,1303098,3733885,411964,202122,21368,322495,435072,3462934,3372901,470696,1443226,315213,14667356,10425486,41,29.2
파프리카,2018,36355680,13104,2774,32081612,26891702,22394424,1990363,2208457,75979,876409,6243969,4769615,5141,1015328,4764197,337374,107591,43260,251211,355242,3847564,3015931,503398,1344393,326188,13961256,9463977,38.4,26
파프리카,2019,33380434,12838,2600,32642596,26927133,22917825,1800132,2077248,54670,957307,6053562,4707851,8411,1436789,4954960,742822,124073,173695,302626,156506,3376481,3379887,493846,1445087,396643,10462609,6453301,31.3,19.3
파프리카,2020,35266891,12453,2832,34301258,28473446,23673287,2071294,2037285,8411,872417,6340955,5360917,15008,1721356,4665960,302906,276777,77035,299853,12180,4411090,3049963,533557,1654626,589667,11593604,6793445,32.9,19.3
파프리카,2021,36989142,12675,2918,32008767,26250421,22177311,2067368,2101688,7651,929853,5702474,5050656,2491,1455994,4460899,124883,273355,3622,222402,6272,3840815,2908757,493332,1944800,411457,14811831,10738721,40,29
파프리카,2022,39364235,12315,3196,34501642,28271164,23789143,2361764,2964315,10814,1105211,5626299,5187037,7268,1383019,4713330,185415,244672,45683,224862,0,4211476,3313662,549533,1937198,430085,15575091,11093071,39.6,28.2
상추,2013,11941870,4177,2856,8950099,5272870,3271557,220321,112842,337026,54017,323925,1217030,6537,279470,626220,88652,5517,7571,320658,3003,1670081,3265661,75186,123202,213180,8670313,6669000,72.6,55.8
상추,2014,9670650,3839,2519,8369351,4490784,2979862,197622,120770,343809,40942,237947,1121546,12243,308109,510563,79658,6653,7593,277014,3165,1223150,3525456,57540,166571,129000,6690788,5179866,69.2,53.6
상추,2015,9160721,3382,2708,8533241,5114343,2913314,221093,109422,236915,74386,187167,959112,9502,303120,745006,65175,2416,14513,284415,526,1901575,3107493,51835,153146,106424,6247407,4046378,68.2,44.2
상추,2016,9327790,3689,2528,6854625,4363827,2730192,213205,89227,354025,90696,162063,774632,9673,251305,646270,129710,9386,6351,175901,0,1451384,2227933,56342,106244,100280,6597599,4963963,70.7,53.2
상추,2017,9468360,4182,2264,8281452,4820980,3191034,237006,86405,291186,109391,154948,899519,7053,306677,993826,101173,3852,34322,242934,0,1352690,3072426,58702,148202,181142,6277326,4647380,66.3,49.1
상추,2018,9021002,3788,2382,7920247,4234982,2635974,184958,109042,246802,120459,140163,838495,7775,246819,669010,64561,7890,2873,181129,814,1414192,3365943,46891,117293,155139,6385028,4786020,70.8,53.1
상추,2019,7676203,3131,2452,8768030,4216775,2669977,228589,115283,260931,75035,162490,785932,3334,240390,693101,101121,3771,25086,198168,15841,1307703,4210074,41395,164109,135678,5006227,3459429,65.2,45.1
상추,2020,9804632,3548,2764,10731459,4992152,3292061,337977,131321,272111,95589,233438,1042174,9061,285438,788889,69557,26505,714,288898,0,1410479,5378332,50729,149458,160788,6512571,4812480,66.4,49.1
상추,2021,8836900,3137,2817,10202422,4885785,3191092,328193,187803,274748,105382,233091,1053301,6502,267679,676482,34405,23507,5577,266624,3571,1418921,4983089,51448,130168,151932,5645808,3951115,63.9,44.7
상추,2022,11170375,3313,3371,11062181,5743082,4045434,350127,166439,256334,131418,329947,1206837,11687,472251,1016521,39471,64401,6220,232829,5852,1452748,4882085,61621,209569,165824,7124941,5427293,63.8,48.6
풋고추,2013,18124121,4639,3844,15199033,9575892,7867377,505647,254667,395430,303509,3250967,1583936,2328,497304,1031596,41520,473,7327,214807,92649,1393732,5117224,152360,106464,247093,10256744,8548229,56.6,47.2
풋고추,2014,18762999,4408,4186,14791741,9251965,7861197,473894,298102,343509,346575,3306161,1338947,4063,481286,1171898,92063,4699,1111,155570,80445,1153642,4890336,148885,184278,316277,10901802,9511034,58.1,50.7
풋고추,2015,20660137,4310,4740,15412323,9573875,8012291,519148,339872,405679,402569,2646585,1315414,12407,571252,1711233,82723,5409,125244,276406,10150,1149784,5068680,139408,301914,328446,12647846,11086262,61.2,53.7
풋고추,2016,17328183,4573,3743,14083048,8461275,6955285,464274,235944,485718,537815,1904894,1244385,7206,429769,1526859,104876,13545,5029,200865,14483,1285614,4927844,121016,209601,363312,10372898,8866907,59.9,51.2
풋고추,2017,13622811,4906,2774,13780793,8221591,6516398,525119,262872,551323,520552,1720327,1249370,12353,340589,1176313,146707,10873,7295,254542,30793,1412564,4973127,126035,125410,334630,7106413,5401220,52.2,39.6
풋고추,2018,15861277,5449,2911,12095428,7263093,5922861,523220,279705,418104,412298,1522229,1055621,7291,397581,1135280,67164,104367,555,214934,20527,1104215,4254348,108544,211816,257627,9938416,8598184,62.7,54.2
풋고추,2019,14372142,4487,3202,12320608,7031662,5648471,524096,237507,387143,429680,1400270,885809,4957,459099,1169317,57874,92721,7658,231537,9083,1134913,4636331,99754,213471,339390,8723670,7340479,60.7,51.1
풋고추,2020,16636019,4918,3382,13957517,7988604,6387773,545127,354046,423589,536039,1467417,1123602,6142,383626,1422458,81548,44179,3889,228231,16384,1352328,5158337,121555,237086,451934,10248246,8647415,61.6,52
풋고추,2021,17942420,5625,3190,14845645,8506014,6727394,559467,294096,441234,579770,1695127,1225635,6019,324963,1464610,100883,35589,18948,268900,14797,1475976,5657566,130463,197794,353808,11215026,9436406,62.5,52.6
풋고추,2022,19364950,5561,3482,16331121,9412997,7725261,615191,354027,414808,612420,2049770,1374365,9307,363734,1805081,73892,52668,15955,231415,6133,1434234,6045594,139344,321029,412157,11639689,9951953,60.1,51.4
사과,2013,5761662,2129,2698,3835113,2169657,1680498,175858,88619,176084,286937,105417,361916,8638,294470,132598,47113,2848,12642,47239,0,429278,1326326,43404,100688,195038,4081164,3592005,70.8,62.3
사과,2014,5565809,2070,2670,3778544,2148514,1607368,132865,89586,140118,303074,101442,336596,7939,290805,134482,53807,16654,4029,43692,2788,490637,1276308,42847,89710,221165,3958441,3417295,71.1,61.4
사과,2015,5744384,2373,2406,3988793,2160665,1630617,208017,91658,136297,295296,93797,350758,9078,267572,114232,46462,17450,5900,43035,1185,479928,1486853,44816,79104,217355,4113767,3583719,71.6,62.4
사과,2016,5510432,2527,2168,4354973,2391980,1879837,263429,77975,156329,403844,91688,319907,6278,325854,132606,65101,36826,7460,58364,2423,443896,1503688,48338,98833,312134,3630594,3118451,65.9,56.6
사과,2017,5455041,2453,2189,4444453,2402385,1817369,254460,57941,131984,409276,89818,304744,7105,314667,145342,59967,42067,5458,52718,626,526213,1641828,48559,94288,257393,3637672,3052656,66.7,56
사과,2018,5574095,2173,2523,4576010,2534365,1933758,314881,55158,96751,373075,90845,327324,10362,383429,193676,46686,41572,4522,57115,9407,529563,1555238,48932,134472,303004,3640337,3039730,65.3,54.5
사과,2019,5316740,2269,2325,5067513,2674282,1940276,324137,48541,75421,351193,114464,334088,8598,365676,198676,55213,64269,8899,72015,3512,649580,1936946,52748,140262,263274,3376463,2642457,63.5,49.7
사과,2020,6216673,2004,3092,5448207,3001070,2294063,409188,65519,111338,441868,133262,294519,8490,451075,240423,56988,81392,9830,56791,2785,637601,1950152,57739,148206,291040,3922610,3215603,63.1,51.7
사과,2021,6456812,2211,2915,5932376,3164983,2455138,371389,70149,113957,480558,149564,378256,10791,495405,238818,51946,94304,10897,53365,3144,642439,2148963,60769,163698,393963,4001674,3291829,62,51
사과,2022,7065740,2313,3054,6518043,3703532,2816369,427933,89955,101128,529043,189399,422741,8379,580896,270282,59584,137029,10562,72133,2512,801954,2251704,71309,173306,318193,4249371,3362208,60.1,47.6
배,2013,5403312,2334,2202,4085623,2200799,1733098,101217,80264,177950,177444,105855,559642,8003,285566,163020,62507,11630,4351,71738,6180,385432,1460074,43666,79854,301230,3670214,3202513,67.9,59.3
배,2014,5020392,2554,1846,4380345,2290605,1743822,70891,100625,151877,214159,126166,605957,3977,266974,129350,69571,4275,6810,57793,7108,475072,1626240,47232,66776,349492,3276570,2729787,65.3,54.4
배,2015,5176991,2585,1926,4487662,2355168,1710068,111512,89143,129250,233403,117566,525053,7560,272578,142595,67082,14326,16145,85459,6722,536774,1660168,48287,84878,339161,3466923,2821823,67,54.5
배,2016,5250819,2896,1751,5144342,2408121,1768265,88518,74724,163693,290743,97213,555165,5741,261482,145178,52999,32809,23394,71019,3588,541852,1721552,50037,74657,889976,3482552,2842699,66.3,54.1
배,2017,5619984,3223,1699,5181277,2719083,1994008,130697,81138,169769,318793,107059,623799,4758,289494,184519,55808,28175,13757,83171,18684,609464,2103746,56127,80514,221807,3625976,2900901,64.5,51.6
배,2018,6176716,2831,2134,5046403,2637689,1948386,105397,73022,155884,330730,105496,596059,4389,296321,194504,53874,32710,9254,95446,2112,582492,2066461,53672,77593,210989,4228330,3539027,68.5,57.3
배,2019,5745885,2590,2173,5198375,2773186,1985363,101766,79268,158664,318137,127733,563862,6535,326687,190870,59914,51927,15784,108982,4602,658454,2080323,56391,84412,204063,3760522,2972699,65.4,51.7
배,2020,5511224,1981,2744,5086313,2603574,1963607,93494,74629,152270,330767,116480,531081,6128,349392,234032,34202,41134,11110,124425,2385,502046,2159634,50504,85099,187503,3547616,2907650,64.4,52.8
배,2021,7173727,2785,2565,6072197,3314420,2452337,114068,107182,179181,414399,138487,697563,8563,405260,280560,53253,53821,12589,116914,3832,728748,2375017,65715,109240,207805,4721390,3859307,65.8,53.8
배,2022,7869555,3226,2439,7042149,3832088,2740094,123001,120925,165671,437124,167320,825954,4919,446449,333573,51718,63442,12607,130517,16139,932731,2770519,76302,120640,242601,5129462,4037467,65.2,51.3
복숭아,2013,5306828,1505,3509,3921823,1682802,1387218,126122,58756,137717,192299,81557,364018,7008,262390,109526,46199,1626,4122,69313,10669,211480,1912864,32694,53478,239985,3919610,3624026,73.9,68.3
복숭아,2014,4849784,1522,3161,3794718,1710299,1429251,108770,57688,129121,214307,83206,347061,5038,334928,104915,34620,9597,2402,52111,8800,217735,1710456,31732,73183,269048,3420533,3139485,70.5,64.7
복숭아,2015,5078133,1546,3260,3885296,1678691,1368265,118242,50211,118254,213207,73749,323251,5210,324874,99002,34532,7733,7460,48207,2260,252499,1827401,31566,83161,264477,3709868,3399442,73.1,66.9
복숭아,2016,4833192,1561,3082,4007588,1705820,1384153,120027,52179,130460,243164,63256,356229,7521,264180,106020,34133,6984,2247,45358,1165,272897,1991690,33391,90147,186540,3449039,3127372,71.4,64.7
복숭아,2017,4543659,1550,2929,4408795,1771363,1429727,91971,48887,130345,264990,66271,352921,4857,314962,109767,35541,9215,4677,63996,0,272963,2297702,33666,64644,241420,3113932,2772296,68.5,61
복숭아,2018,5210418,1436,3616,4361573,1752010,1412591,95470,47292,115661,239561,72993,336466,2965,305885,130014,31983,34301,3668,77024,0,258727,2179872,32903,92024,304764,3797827,3458408,72.9,66.4
복숭아,2019,4367747,1292,3375,4964431,1887326,1500082,124542,40177,100441,241951,72323,365189,5903,368944,122531,33879,24203,5459,68474,2768,310544,2673104,34896,96247,272857,2867665,2480421,65.7,56.8
복숭아,2020,3770676,1068,3525,5221672,2012039,1616847,124959,51357,124093,266377,74735,317920,8010,401824,184735,34587,28251,19237,62754,3570,309632,2811058,35637,111233,251705,2153829,1758637,57.1,46.6
복숭아,2021,4861367,1170,4155,5396673,2164026,1723154,153142,59246,106477,292082,90215,376355,5716,393374,186332,30210,30005,5384,77738,1931,355820,2797758,39608,101078,294203,3138213,2697341,64.6,55.5
복숭아,2022,5097422,1209,4216,5760881,2546074,1976311,160689,70166,115869,308796,128366,417199,4842,480287,222046,33815,34237,13943,79892,4721,471208,2768435,46094,127527,272750,3121111,2551348,61.2,50.1
포도,2013,6156079,1657,3577,4627243,1886363,1481023,255500,95948,109984,84271,83451,579423,7806,125285,112297,24530,2528,665,73563,2344,328768,2385158,40997,34761,279964,4675056,4269716,75.9,69.4
포도,2014,5490930,1706,3128,4633921,1831779,1484914,218529,81362,109467,85690,76355,575968,8416,127965,167927,23632,9603,4698,42395,5966,293806,2363856,38090,54171,346025,4006016,3659151,73,66.6
포도,2015,5521229,1776,3032,4884523,1931507,1534930,291899,82037,118624,87251,91311,555751,7487,111598,151110,31752,6110,2963,40148,2446,351020,2499373,40858,45916,366869,3986299,3589722,72.2,65
포도,2016,5378269,1768,2976,5952448,2070723,1689795,355341,88418,150618,122956,88323,458190,10713,130066,235695,40091,9384,1395,60008,4132,315394,2888332,42624,83544,867225,3688475,3307546,68.6,61.5
포도,2017,5414184,1623,3285,5406413,2171190,1776453,333842,102177,141463,131071,67513,475976,7586,131799,341997,34175,8854,758,61537,1207,331235,2695523,42435,98857,398409,3637731,3242994,67.2,59.9
포도,2018,7109419,1629,4294,5790642,2188218,1771866,284928,91689,155120,128520,72186,532192,9685,116492,333687,30022,17345,2785,79359,1137,333069,3128552,43451,80218,350203,5337553,4921201,75.1,69.2
포도,2019,7171229,1545,4579,6703079,2525492,1944437,371957,83737,139544,134676,79301,533077,11220,162049,362207,45977,20692,2593,82224,252,495986,3593872,50031,110817,422868,5226792,4645737,72.9,64.8
포도,2020,8917039,1407,6308,7576714,2933836,2301888,372237,131543,176850,171470,100510,552273,11502,215046,496308,39422,34728,5459,77439,1095,547956,4055946,55562,144071,387299,6615151,5983202,74.2,67.1
포도,2021,10472660,1415,7394,7625954,3147760,2519019,327929,144220,192142,174015,110975,596258,12300,257388,618477,39008,46307,6010,82082,10205,530444,3860193,56797,171484,389719,7953641,7324899,75.9,69.9
포도,2022,11088764,1531,7241,9213700,4187156,3234158,373128,212775,245391,241941,148573,830543,9546,296463,822031,17764,36003,4223,83932,371,864473,4271149,76717,229401,449277,7854606,6901607,70.8,62.2
감귤,2013,3464605,3205,1081,2643310,1152471,718491,65820,92213,80717,274376,45705,64473,17595,48272,22854,5971,495,1471,97095,0,335414,1102021,26493,23403,338922,2746114,2312134,79.3,66.7
감귤,2014,2657198,3334,797,2527509,1070998,626194,57338,101395,39631,258748,31005,49945,10011,59947,16508,1666,0,0,66542,6667,371595,948156,24755,20527,463073,2031004,1586200,76.4,59.7
감귤,2015,2667225,3355,795,2571400,1046278,596982,61759,81913,44983,270769,19727,42972,10311,37350,17561,7492,2145,49,66906,2048,380293,1070291,24656,22505,407670,2070243,1620947,77.6,60.8
감귤,2016,3851511,3233,1191,2860042,1046346,713458,48260,74353,85168,287663,26779,62111,11898,85560,22864,3839,4963,946,69215,2076,260651,1391692,23448,41179,357377,3138053,2805165,81.5,72.8
감귤,2017,4222438,3040,1389,2997322,1188117,682318,41210,81464,70607,258957,36127,100856,11096,50044,14180,7040,10736,1714,123863,27808,352413,1451942,28097,27237,301929,3540120,3034321,83.8,71.9
감귤,2018,3622611,2807,1286,2880760,1210561,697985,42352,65015,74364,241737,30528,114677,7452,72935,30140,6666,12120,2202,124433,3119,382822,1346075,27687,36178,260258,2924626,2412050,80.7,66.6
감귤,2019,3171456,3424,919,3266281,1501526,861391,44809,68723,70242,293194,66172,97384,5262,160479,31559,17484,6083,2678,112132,3544,521780,1395694,32737,36918,299407,2310065,1669931,72.8,52.7
감귤,2020,3604819,2939,1215,3389506,1449542,891930,53210,66782,64236,303550,49242,150139,5059,155048,29428,10050,5187,2032,101055,31618,422908,1544262,31627,28054,336021,2712889,2155277,75.3,59.8
감귤,2021,4069003,3100,1311,3756179,1518196,1030467,65022,80752,105940,322455,49366,213161,6126,138519,25642,9902,13582,3967,118191,5919,359652,1741339,33851,30066,432727,3038536,2550807,74.7,62.7
감귤,2022,3390782,2485,1353,3517786,1533551,1008886,49594,110712,97291,298033,62255,143876,4632,173465,42313,7698,19017,9846,116546,4354,393920,1585133,32944,49405,316754,2381896,1857231,70.2,54.8
단감,2013,3390240,1640,2065,2777500,1331284,921101,81326,54458,117075,97599,55094,264100,2304,136071,84119,28296,659,3323,39274,4536,363050,1127099,27792,56331,234994,2469139,2058956,72.8,60.7
단감,2014,3024652,1864,1619,2770598,1293189,891272,62759,65377,117178,94884,54942,279563,2318,104959,88502,20329,461,1391,27492,1251,371783,1186284,27723,45732,217670,2133380,1731463,70.5,57.2
단감,2015,2743590,1856,1471,2734023,1282807,877879,72742,53083,115828,104608,58588,266756,2488,101588,79736,20501,1961,1297,52554,385,350692,1202557,27685,38938,182036,1865711,1460783,68,53.2
단감,2016,2825350,1825,1542,2672348,1290970,866453,53558,38573,124795,105509,50874,251334,6225,106623,102133,24010,2819,2601,49699,1618,370599,1150620,27055,52334,151369,1958898,1534381,69.3,54.3
단감,2017,3010382,1805,1661,3135478,1503135,1004141,54636,55226,136139,133004,56088,278539,2849,127908,124908,27080,7763,2995,36203,1125,458670,1357418,31258,54209,189458,2006241,1507247,66.6,50.1
단감,2018,3439562,1786,1925,2972765,1575603,1009808,56315,47458,126175,125775,64996,270417,2851,158710,116433,34835,5843,14494,53167,846,497287,1122808,32512,54756,187088,2429754,1863959,70.6,54.2
단감,2019,2978802,1624,1833,3041540,1499211,931987,45154,43794,105463,111145,48932,276510,4354,141956,116756,23549,14375,4241,65042,3140,494801,1252564,31013,63243,195508,2046814,1479590,68.7,49.7
단감,2020,3170487,1419,2234,3346240,1538033,1076554,58768,51491,120569,137308,66395,251947,8507,195148,121834,32605,31981,4203,69531,4114,383631,1537434,30526,74768,165479,2093933,1632455,66,51.5
단감,2021,3333567,1331,2505,3139148,1470540,1039614,88563,51418,116772,119727,67888,230547,4223,207677,113421,25952,13425,6207,76258,991,347470,1394670,28736,65048,180155,2293953,1863027,68.8,55.9
단감,2022,3759122,1628,2310,3592922,1794836,1118711,87247,60654,102889,150773,92832,279431,3775,194198,107500,16338,23074,7735,71471,4400,592519,1512288,37328,60864,187606,2640411,1964286,70.2,52.3
참다래,2013,4738553,1543,3071,4766163,2175747,1789650,320188,89716,248574,54102,67054,344438,10231,136314,459521,43441,16071,15528,27110,36842,306617,1982524,39569,134413,433910,2948903,2562806,62.2,54.1
참다래,2014,5142776,1864,2759,4589768,2094967,1688917,174701,89853,197240,69832,67644,384801,10541,135995,482710,59246,16354,8106,32015,34125,331804,1923900,36872,144989,389040,3453859,3047809,67.2,59.3
참다래,2015,5240521,1859,2819,4834254,2133406,1759920,235759,103119,230921,66276,60040,370660,9688,161896,479454,30818,11289,17587,28561,25411,301927,2134501,37316,168415,360616,3480601,3107115,66.4,59.3
참다래,2016,5484192,1924,2836,4707344,1944316,1615673,213325,80848,229158,66755,48903,321758,13811,150855,457177,21822,11261,10957,14205,5316,298164,1891862,33407,123379,714380,3868519,3539876,70.5,64.5
참다래,2017,5043573,1757,2869,4417954,2141029,1795775,303419,59840,240352,72370,68387,290482,6494,138969,578948,25392,11121,7276,20949,3872,313157,1855055,35578,111086,275206,3247798,2902544,64.4,57.5
참다래,2018,5085741,1438,3501,4450356,2212370,1963402,375520,55478,214234,78924,64161,304941,7219,139467,678607,30951,13900,5874,34767,1293,207034,1774186,34857,168764,260178,3122339,2873371,61.4,56.5
참다래,2019,5334084,1580,3347,4514647,2192426,1835628,355484,55957,188122,81712,75859,282772,4490,141464,597217,32513,20039,9129,41355,20749,285565,1851838,36344,152324,281716,3498456,3141658,65.6,58.9
참다래,2020,5120834,1320,3820,5117264,2401260,1996068,360464,44211,205463,72821,98313,341964,12036,180451,615908,34304,30133,19671,43477,18517,323528,2225416,40123,176409,274055,3124766,2719573,61,53.1
참다래,2021,6096822,1567,3846,5819805,2762176,2306783,365899,71608,204228,89331,118111,400979,14988,243356,734199,26894,37192,20890,63356,8605,362542,2394734,44615,240874,377405,3790040,3334646,62.2,54.7
참다래,2022,6265119,1582,3900,6176452,2894707,2428886,354692,98945,191708,115669,157777,458845,10396,258889,696151,38164,47648,27621,53115,17690,367396,2693699,48492,225662,313892,3836234,3370412,61.2,53.8
